County,CBSA Code,Type
46013,10100,B
46045,10100,B
53027,10140,B
48059,10180,A
48253,10180,A
48441,10180,A
40123,10220,B
72001,10260,B
26091,10300,B
72003,10380,A
72005,10380,A
72011,10380,A
72071,10380,A
72081,10380,A
72099,10380,A
72117,10380,A
72131,10380,A
72141,10380,A
39133,10420,A
39153,10420,A
35035,10460,B
13007,10500,A
13095,10500,A
13177,10500,A
13273,10500,A
13321,10500,A
41043,10540,A
36001,10580,A
36083,10580,A
36091,10580,A
36093,10580,A
36095,10580,A
37167,10620,B
27047,10660,B
01095,10700,B
35001,10740,A
35043,10740,A
35057,10740,A
35061,10740,A
22043,10780,A
22079,10780,A
27041,10820,B
48249,10860,B
34041,10900,A
42025,10900,A
42077,10900,A
42095,10900,A
26057,10940,B
26007,10980,B
42013,11020,A
40065,11060,B
48011,11100,A
48065,11100,A
48359,11100,A
48375,11100,A
48381,11100,A
13249,11140,B
13261,11140,B
19169,11180,A
36057,11220,B
02020,11260,A
02170,11260,A
48003,11380,B
18151,11420,B
26161,11460,A
01015,11500,A
55015,11540,A
55087,11540,A
12027,11580,B
40019,11620,B
72013,11640,A
72027,11640,A
72065,11640,A
72115,11640,A
05019,11660,B
20035,11680,B
37021,11700,A
37087,11700,A
37089,11700,A
37115,11700,A
39005,11740,B
39007,11780,B
41007,11820,B
20005,11860,B
39009,11900,B
47107,11940,B
48213,11980,B
13059,12020,A
13195,12020,A
13219,12020,A
13221,12020,A
13013,12060,A
13015,12060,A
13035,12060,A
13045,12060,A
13057,12060,A
13063,12060,A
13067,12060,A
13077,12060,A
13085,12060,A
13089,12060,A
13097,12060,A
13113,12060,A
13117,12060,A
13121,12060,A
13135,12060,A
13143,12060,A
13149,12060,A
13151,12060,A
13159,12060,A
13171,12060,A
13199,12060,A
13211,12060,A
13217,12060,A
13223,12060,A
13227,12060,A
13231,12060,A
13247,12060,A
13255,12060,A
13297,12060,A
34001,12100,A
18033,12140,B
36011,12180,B
01081,12220,A
13033,12260,A
13073,12260,A
13181,12260,A
13189,12260,A
13245,12260,A
45003,12260,A
45037,12260,A
23011,12300,B
27099,12380,B
48021,12420,A
48055,12420,A
48209,12420,A
48453,12420,A
48491,12420,A
13087,12460,B
06029,12540,A
24003,12580,A
24005,12580,A
24013,12580,A
24025,12580,A
24027,12580,A
24035,12580,A
24510,12580,A
23019,12620,A
55111,12660,B
21179,12680,B
25001,12700,A
50023,12740,B
40147,12780,B
22067,12820,B
36037,12860,B
05063,12900,B
22005,12940,A
22033,12940,A
22037,12940,A
22047,12940,A
22063,12940,A
22077,12940,A
22091,12940,A
22121,12940,A
22125,12940,A
26025,12980,A
26017,13020,A
48321,13060,B
31067,13100,B
48199,13140,A
48245,13140,A
48351,13140,A
48361,13140,A
55027,13180,B
54019,13220,A
54081,13220,A
18093,13260,B
48025,13300,B
39091,13340,B
53073,13380,A
27007,13420,B
41017,13460,A
45069,13500,B
50003,13540,B
33007,13620,B
50009,13620,B
26107,13660,B
48173,13700,B
48227,13700,B
51051,13720,B
51195,13720,B
51720,13720,B
30009,13740,A
30037,13740,A
30111,13740,A
36007,13780,A
36107,13780,A
01007,13820,A
01009,13820,A
01021,13820,A
01073,13820,A
01115,13820,A
01117,13820,A
01127,13820,A
38015,13900,A
38059,13900,A
38065,13900,A
38085,13900,A
16011,13940,B
51063,13980,A
51071,13980,A
51121,13980,A
51155,13980,A
51750,13980,A
17039,14010,A
17113,14010,A
18105,14020,A
18119,14020,A
42037,14100,A
42093,14100,A
51185,14140,B
54055,14140,B
05093,14180,B
22117,14220,B
16001,14260,A
16015,14260,A
16027,14260,A
16045,14260,A
16073,14260,A
19015,14340,B
37189,14380,B
48233,14420,B
25021,14460,A
25023,14460,A
25025,14460,A
25009,14460,A
25017,14460,A
33015,14460,A
33017,14460,A
08013,14500,A
21003,14540,A
21031,14540,A
21061,14540,A
21227,14540,A
30031,14580,B
42083,14620,B
27021,14660,B
27035,14660,B
29209,14700,B
29213,14700,B
08117,14720,B
53035,14740,A
48477,14780,B
37175,14820,B
09001,14860,A
28085,15020,B
41015,15060,B
46011,15100,B
48061,15180,A
48049,15220,B
13025,15260,A
13127,15260,A
13191,15260,A
39033,15340,B
36029,15380,A
36063,15380,A
16031,15420,B
16067,15420,B
17071,15460,B
19057,15460,B
37001,15500,A
50007,15540,A
50011,15540,A
50013,15540,A
30093,15580,B
26113,15620,B
26165,15620,B
13129,15660,B
24037,15680,A
24019,15700,B
39059,15740,B
05013,15780,B
05103,15780,B
21217,15820,B
08043,15860,B
17057,15900,B
39019,15940,A
39151,15940,A
12071,15980,A
17003,16020,A
29017,16020,A
29031,16020,A
17077,16060,A
17199,16060,A
35015,16100,B
32510,16180,A
56025,16220,A
49021,16260,B
19011,16300,A
19105,16300,A
19113,16300,A
13233,16340,B
39107,16380,B
17121,16460,B
53041,16500,B
42055,16540,A
17019,16580,A
17053,16580,A
17147,16580,A
54005,16620,A
54015,16620,A
54039,16620,A
17029,16660,B
17035,16660,B
45015,16700,A
45019,16700,A
45035,16700,A
37025,16740,A
37071,16740,A
37097,16740,A
37109,16740,A
37119,16740,A
37159,16740,A
37179,16740,A
45023,16740,A
45057,16740,A
45091,16740,A
51003,16820,A
51029,16820,A
51065,16820,A
51079,16820,A
51125,16820,A
51540,16820,A
13047,16860,A
13083,16860,A
13295,16860,A
47065,16860,A
47115,16860,A
47153,16860,A
56021,16940,A
17031,16980,A
17043,16980,A
17063,16980,A
17093,16980,A
17111,16980,A
17197,16980,A
17037,16980,A
17089,16980,A
18073,16980,A
18089,16980,A
18111,16980,A
18127,16980,A
17097,16980,A
55059,16980,A
06007,17020,A
39141,17060,B
18029,17140,A
18115,17140,A
18161,17140,A
21015,17140,A
21023,17140,A
21037,17140,A
21077,17140,A
21081,17140,A
21117,17140,A
21191,17140,A
39015,17140,A
39017,17140,A
39025,17140,A
39061,17140,A
39165,17140,A
33009,17200,B
33019,17200,B
50017,17200,B
50027,17200,B
54017,17220,B
54033,17220,B
54091,17220,B
28027,17260,B
21047,17300,A
21221,17300,A
47125,17300,A
06033,17340,B
28011,17380,B
47011,17420,A
47139,17420,A
39035,17460,A
39055,17460,A
39085,17460,A
39093,17460,A
39103,17460,A
12051,17500,B
19045,17540,B
35009,17580,B
72043,17620,B
72123,17640,B
16055,17660,A
20125,17700,B
26023,17740,B
48041,17780,A
48051,17780,A
48395,17780,A
08041,17820,A
08119,17820,A
29019,17860,A
45017,17900,A
45039,17900,A
45055,17900,A
45063,17900,A
45079,17900,A
45081,17900,A
01113,17980,A
13053,17980,A
13145,17980,A
13197,17980,A
13215,17980,A
18005,18020,A
28087,18060,B
31141,18100,B
39041,18140,A
39045,18140,A
39049,18140,A
39073,18140,A
39089,18140,A
39097,18140,A
39117,18140,A
39127,18140,A
39129,18140,A
39159,18140,A
33013,18180,B
18041,18220,B
47087,18260,B
47133,18260,B
47141,18260,B
41011,18300,B
13081,18380,B
28003,18420,B
13137,18460,B
36101,18500,B
48007,18580,A
48355,18580,A
48409,18580,A
48349,18620,B
36023,18660,B
41003,18700,A
39031,18740,B
08081,18780,B
18107,18820,B
06015,18860,B
12091,18880,A
12131,18880,A
47035,18900,B
01043,18980,B
37099,19000,B
24001,19060,A
54057,19060,A
48085,19100,A
48113,19100,A
48121,19100,A
48139,19100,A
48231,19100,A
48257,19100,A
48397,19100,A
48221,19100,A
48251,19100,A
48367,19100,A
48425,19100,A
48439,19100,A
48497,19100,A
13213,19140,A
13313,19140,A
17183,19180,A
21021,19220,B
21137,19220,B
51143,19260,B
51590,19260,B
01003,19300,A
17073,19340,A
17131,19340,A
17161,19340,A
19163,19340,A
39057,19380,A
39109,19380,A
39113,19380,A
47143,19420,B
01079,19460,A
01103,19460,A
17115,19500,A
18001,19540,B
39039,19580,B
48465,19620,B
12035,19660,A
12127,19660,A
35029,19700,B
08001,19740,A
08005,19740,A
08014,19740,A
08019,19740,A
08031,19740,A
08035,19740,A
08039,19740,A
08047,19740,A
08059,19740,A
08093,19740,A
22011,19760,B
19049,19780,A
19077,19780,A
19121,19780,A
19153,19780,A
19181,19780,A
26163,19820,A
26087,19820,A
26093,19820,A
26099,19820,A
26125,19820,A
26147,19820,A
38089,19860,B
17103,19940,B
20057,19980,B
01061,20020,A
01067,20020,A
01069,20020,A
13069,20060,B
10001,20100,A
13167,20140,B
13175,20140,B
42033,20180,B
19061,20220,A
27017,20260,A
27137,20260,A
55031,20260,A
48341,20300,B
40137,20340,B
37085,20380,B
08067,20420,B
40013,20460,B
37037,20500,A
37063,20500,A
37135,20500,A
37145,20500,A
47045,20540,B
48323,20580,B
24041,20660,B
42089,20700,A
55017,20740,A
55035,20740,A
08037,20780,B
17049,20820,B
48481,20900,B
06025,20940,A
05139,20980,B
37029,21020,B
37139,21020,B
37143,21020,B
21093,21060,A
21123,21060,A
21163,21060,A
40009,21120,B
18039,21140,A
54083,21180,B
32007,21220,B
32011,21220,B
53037,21260,B
36015,21300,A
48141,21340,A
48229,21340,A
20111,21380,B
40047,21420,B
01031,21460,B
42049,21500,A
26041,21540,B
35039,21580,B
41039,21660,A
06023,21700,B
56041,21740,B
18129,21780,A
18163,21780,A
18173,21780,A
21101,21780,A
02090,21820,A
19101,21840,B
54049,21900,B
32001,21980,B
27027,22020,A
38017,22020,A
27131,22060,B
29187,22100,B
35045,22140,A
37051,22180,A
37093,22180,A
05007,22220,A
05087,22220,A
05143,22220,A
29119,22220,A
27111,22260,B
32019,22280,B
39063,22300,B
13017,22340,B
04005,22380,A
26049,22420,A
45031,22500,A
45041,22500,A
01033,22520,A
01077,22520,A
55039,22540,A
37161,22580,B
05123,22620,B
08069,22660,A
19187,22700,B
29169,22780,B
17067,22800,B
19111,22800,B
29045,22800,B
08087,22820,B
22115,22860,B
05033,22900,A
05131,22900,A
40079,22900,A
40135,22900,A
18003,23060,A
18179,23060,A
18183,23060,A
18023,23140,B
21005,23180,B
21073,23180,B
48171,23240,B
17177,23300,B
31053,23340,B
39143,23380,B
06019,23420,A
01055,23460,A
45021,23500,B
12001,23540,A
12041,23540,A
13139,23580,A
48097,23620,B
17095,23660,B
35031,23700,B
20055,23780,B
20093,23780,B
32005,23820,B
45043,23860,B
42001,23900,A
56005,23940,B
21009,23980,B
21169,23980,B
36113,24020,A
36115,24020,A
08045,24060,B
08097,24060,B
36035,24100,B
37191,24140,A
27119,24220,A
38035,24220,A
31079,24260,A
31081,24260,A
31093,24260,A
31121,24260,A
08077,24300,A
26015,24340,A
26081,24340,A
26117,24340,A
26139,24340,A
35006,24380,B
41033,24420,A
20009,24460,B
30013,24500,A
08123,24540,A
55009,24580,A
55061,24580,A
55083,24580,A
47059,24620,B
25011,24640,B
37081,24660,A
37151,24660,A
37157,24660,A
18031,24700,B
28151,24740,B
37147,24780,A
39037,24820,B
45007,24860,A
45045,24860,A
45059,24860,A
45077,24860,A
28015,24900,B
28083,24900,B
45001,24940,B
45047,24940,B
28043,24980,B
72015,25020,A
72057,25020,A
72109,25020,A
28045,25060,A
28047,25060,A
28059,25060,A
40139,25100,B
24043,25180,A
54003,25180,A
16013,25200,B
16025,25200,B
16063,25200,B
22105,25220,A
06031,25260,A
29127,25300,B
29173,25300,B
42041,25420,A
42043,25420,A
42099,25420,A
05009,25460,B
05101,25460,B
51165,25500,A
51660,25500,A
09003,25540,A
09007,25540,A
09013,25540,A
31001,25580,B
28035,25620,A
28073,25620,A
28111,25620,A
20051,25700,B
49051,25720,B
30043,25740,B
30049,25740,B
05107,25760,B
37181,25780,B
48117,25820,B
41049,25840,B
41059,25840,B
37003,25860,A
37023,25860,A
37027,25860,A
37035,25860,A
26059,25880,B
15001,25900,B
45013,25940,A
45053,25940,A
13179,25980,A
13183,25980,A
35025,26020,B
26005,26090,B
12017,26140,A
41027,26220,B
05051,26300,A
26061,26340,B
26083,26340,B
22057,26380,A
22109,26380,A
48015,26420,A
48039,26420,A
48071,26420,A
48157,26420,A
48167,26420,A
48201,26420,A
48291,26420,A
48339,26420,A
48473,26420,A
36021,26460,B
42061,26500,B
18069,26540,B
21019,26580,A
21089,26580,A
39087,26580,A
54011,26580,A
54043,26580,A
54079,26580,A
54099,26580,A
01083,26620,A
01089,26620,A
48455,26660,B
48471,26660,B
46005,26700,B
20155,26740,B
27085,26780,B
16019,26820,A
16023,26820,A
16051,26820,A
42063,26860,B
18011,26900,A
18013,26900,A
18057,26900,A
18059,26900,A
18063,26900,A
18081,26900,A
18095,26900,A
18097,26900,A
18109,26900,A
18133,26900,A
18145,26900,A
28133,26940,B
26067,26960,B
19103,26980,A
19183,26980,A
26043,27020,B
55037,27020,B
36109,27060,A
26075,27100,A
28029,27140,A
28049,27140,A
28089,27140,A
28121,27140,A
28127,27140,A
28163,27140,A
39079,27160,B
47023,27180,A
47033,27180,A
47113,27180,A
16081,27220,B
56039,27220,B
12003,27260,A
12019,27260,A
12031,27260,A
12089,27260,A
12109,27260,A
17137,27300,B
17171,27300,B
37133,27340,A
48073,27380,B
38093,27420,B
36013,27460,B
55105,27500,A
18037,27540,B
18125,27540,B
72073,27580,B
13157,27600,B
29027,27620,A
29051,27620,A
29135,27620,A
29151,27620,A
13305,27700,B
47019,27740,A
47171,27740,A
47179,27740,A
42021,27780,A
05031,27860,A
05111,27860,A
29097,27900,A
29145,27900,A
20061,27920,B
02110,27940,B
15005,27980,A
15009,27980,A
26077,28020,A
26159,28020,A
30029,28060,B
17091,28100,A
20091,28140,A
20103,28140,A
20107,28140,A
20121,28140,A
20209,28140,A
29013,28140,A
29025,28140,A
29037,28140,A
29047,28140,A
29049,28140,A
29095,28140,A
29107,28140,A
29165,28140,A
29177,28140,A
15007,28180,B
31019,28260,B
31099,28260,B
33005,28300,B
18113,28340,B
29069,28380,B
53005,28420,A
53021,28420,A
48265,28500,B
02130,28540,B
12087,28580,B
37055,28620,B
37177,28620,B
48027,28660,A
48099,28660,A
48281,28660,A
47073,28700,A
47163,28700,A
51169,28700,A
51191,28700,A
51520,28700,A
36111,28740,A
48261,28780,B
48273,28780,B
37107,28820,B
29001,28860,B
29197,28860,B
41035,28900,B
47001,28940,A
47009,28940,A
47013,28940,A
47057,28940,A
47093,28940,A
47105,28940,A
47129,28940,A
47145,28940,A
47173,28940,A
18067,29020,A
33001,29060,B
27055,29100,A
55063,29100,A
22001,29180,A
22045,29180,A
22055,29180,A
22099,29180,A
22113,29180,A
18007,29200,A
18015,29200,A
18157,29200,A
41061,29260,B
13285,29300,B
22019,29340,A
22023,29340,A
12023,29380,B
04015,29420,A
12105,29460,A
48115,29500,B
42071,29540,A
26037,29620,A
26045,29620,A
26065,29620,A
56001,29660,B
48479,29700,A
35013,29740,A
35047,29780,B
32003,29820,A
28061,29860,B
28067,29860,B
37165,29900,B
20045,29940,A
47099,29980,B
40031,30020,A
40033,30020,A
29105,30060,B
42075,30140,A
48219,30220,B
42119,30260,B
47117,30280,B
16069,30300,A
53003,30300,A
23001,30340,A
42087,30380,B
31047,30420,B
31073,30420,B
21017,30460,A
21049,30460,A
21067,30460,A
21113,30460,A
21209,30460,A
21239,30460,A
20175,30580,B
39003,30620,A
17107,30660,B
31109,30700,A
31159,30700,A
05045,30780,A
05053,30780,A
05085,30780,A
05105,30780,A
05119,30780,A
05125,30780,A
42035,30820,B
16041,30860,A
49005,30860,A
54045,30880,B
18017,30900,B
21121,30940,B
21125,30940,B
21235,30940,B
48183,30980,A
48401,30980,A
48459,30980,A
53015,31020,A
35028,31060,B
06059,31080,A
06037,31080,A
18019,31140,A
18043,31140,A
18061,31140,A
18143,31140,A
18175,31140,A
21029,31140,A
21103,31140,A
21111,31140,A
21185,31140,A
21211,31140,A
21215,31140,A
21223,31140,A
48107,31180,A
48303,31180,A
48305,31180,A
26105,31220,B
48005,31260,B
37155,31300,B
51009,31340,A
51011,31340,A
51019,31340,A
51031,31340,A
51515,31340,A
51680,31340,A
17109,31380,B
13021,31420,A
13079,31420,A
13169,31420,A
13207,31420,A
13289,31420,A
06039,31460,A
18077,31500,B
55021,31540,A
55025,31540,A
55045,31540,A
55049,31540,A
21107,31580,B
05027,31620,B
36033,31660,B
05059,31680,B
33011,31700,A
20149,31740,A
20161,31740,A
55071,31820,B
27013,31860,A
27103,31860,A
39139,31900,A
39167,31930,B
26109,31940,B
55075,31940,B
18053,31980,B
37111,32000,B
39101,32020,B
26103,32100,B
27083,32140,B
29195,32180,B
48203,32220,B
19127,32260,B
47183,32280,B
51089,32300,B
51690,32300,B
29147,32340,B
19033,32380,B
19195,32380,B
72067,32420,A
72097,32420,A
21083,32460,B
21161,32500,B
40121,32540,B
48215,32580,A
28005,32620,B
28113,32620,B
47177,32660,B
20113,32700,B
42039,32740,B
41029,32780,A
05035,32820,A
28009,32820,A
28033,32820,A
28093,32820,A
28137,32820,A
28143,32820,A
47047,32820,A
47157,32820,A
47167,32820,A
55033,32860,B
06047,32900,A
28023,32940,B
28069,32940,B
28075,32940,B
55069,32980,B
29007,33020,B
40115,33060,B
12011,33100,A
12086,33100,A
12099,33100,A
18091,33140,A
21013,33180,B
26111,33220,A
48317,33260,A
48329,33260,A
13009,33300,B
13141,33300,B
55079,33340,A
55089,33340,A
55131,33340,A
55133,33340,A
48363,33420,B
27003,33460,A
27019,33460,A
27025,33460,A
27037,33460,A
27053,33460,A
27059,33460,A
27079,33460,A
27095,33460,A
27123,33460,A
27139,33460,A
27141,33460,A
27143,33460,A
27163,33460,A
27171,33460,A
55093,33460,A
55109,33460,A
38049,33500,B
38075,33500,B
38101,33500,B
30063,33540,A
46035,33580,B
46061,33580,B
29175,33620,B
01097,33660,A
06099,33700,A
22073,33740,A
22111,33740,A
26115,33780,A
01001,33860,A
01051,33860,A
01085,33860,A
01101,33860,A
08085,33940,B
37031,33980,B
22101,34020,B
54061,34060,A
54077,34060,A
47063,34100,A
47089,34100,A
16057,34140,B
53025,34180,B
13071,34220,B
05005,34260,B
16039,34300,B
37171,34340,B
26073,34380,B
48449,34420,B
21011,34460,B
21165,34460,B
21173,34460,B
17081,34500,B
39083,34540,B
53057,34580,A
18035,34620,A
21035,34660,B
19139,34700,B
26121,34740,A
40101,34780,B
37019,34820,A
45051,34820,A
48347,34860,B
06055,34900,A
12021,34940,A
47015,34980,A
47021,34980,A
47037,34980,A
47043,34980,A
47081,34980,A
47111,34980,A
47119,34980,A
47147,34980,A
47149,34980,A
47159,34980,A
47165,34980,A
47169,34980,A
47187,34980,A
47189,34980,A
22029,35020,B
28001,35020,B
22069,35060,B
37049,35100,A
37103,35100,A
37137,35100,A
45071,35140,B
18065,35220,B
42073,35260,B
09009,35300,A
22051,35380,A
22071,35380,A
22075,35380,A
22087,35380,A
22089,35380,A
22093,35380,A
22095,35380,A
22103,35380,A
39157,35420,B
41041,35440,B
47029,35460,B
19099,35500,B
27015,35580,B
36027,35620,A
36079,35620,A
36059,35620,A
36103,35620,A
34013,35620,A
34019,35620,A
34027,35620,A
34035,35620,A
34037,35620,A
34039,35620,A
42103,35620,A
34003,35620,A
34017,35620,A
34023,35620,A
34025,35620,A
34029,35620,A
34031,35620,A
36005,35620,A
36047,35620,A
36061,35620,A
36071,35620,A
36081,35620,A
36085,35620,A
36087,35620,A
36119,35620,A
26021,35660,A
04023,35700,B
31119,35740,B
31139,35740,B
31167,35740,B
31111,35820,B
31113,35820,B
31117,35820,B
12081,35840,A
12115,35840,A
18079,35860,B
37193,35900,B
39077,35940,B
09011,35980,A
53029,36020,B
12083,36100,A
34009,36140,A
48135,36220,A
49003,36260,A
49011,36260,A
49029,36260,A
49057,36260,A
36089,36300,B
42121,36340,B
12093,36380,B
40017,36420,A
40027,36420,A
40051,36420,A
40081,36420,A
40083,36420,A
40087,36420,A
40109,36420,A
36009,36460,B
53067,36500,A
19085,36540,A
19129,36540,A
19155,36540,A
31025,36540,A
31055,36540,A
31153,36540,A
31155,36540,A
31177,36540,A
36077,36580,B
16075,36620,B
41045,36620,B
22097,36660,B
45075,36700,B
12069,36740,A
12095,36740,A
12097,36740,A
12117,36740,A
55139,36780,A
19123,36820,B
53001,36830,B
20059,36840,B
17011,36860,B
17099,36860,B
17155,36860,B
19051,36900,B
19179,36900,B
27147,36940,B
21059,36980,A
21091,36980,A
21149,36980,A
26155,37020,B
28071,37060,B
37077,37080,B
06111,37100,A
01045,37120,B
17127,37140,B
21007,37140,B
21139,37140,B
21145,37140,B
32023,37220,B
12107,37260,B
48001,37300,B
12009,37340,A
48179,37420,B
12005,37460,A
12045,37460,A
05055,37500,B
47079,37540,B
48277,37580,B
54105,37620,A
54107,37620,A
20099,37660,B
04007,37740,B
48389,37780,B
12033,37860,A
12113,37860,A
17123,37900,A
17143,37900,A
17175,37900,A
17179,37900,A
17203,37900,A
18103,37940,B
34005,37980,A
34007,37980,A
34015,37980,A
42017,37980,A
42029,37980,A
42091,37980,A
42045,37980,A
42101,37980,A
10003,37980,A
24015,37980,A
34033,37980,A
04013,38060,A
04021,38060,A
28109,38100,B
46065,38180,B
46117,38180,B
46119,38180,B
05025,38220,A
05069,38220,A
05079,38220,A
37125,38240,B
20037,38260,B
42003,38300,A
42005,38300,A
42007,38300,A
42019,38300,A
42051,38300,A
42125,38300,A
42129,38300,A
25003,38340,A
48189,38380,B
55043,38420,B
36019,38460,B
18099,38500,B
16005,38540,A
39053,38580,B
54053,38580,B
40071,38620,B
72055,38660,A
72059,38660,A
72075,38660,A
72111,38660,A
72113,38660,A
72149,38660,A
72153,38660,A
17105,38700,B
29023,38740,B
35041,38780,B
53009,38820,B
39123,38840,B
23005,38860,A
23023,38860,A
23031,38860,A
41005,38900,A
41009,38900,A
41051,38900,A
41067,38900,A
41071,38900,A
53011,38900,A
53059,38900,A
48057,38920,B
12085,38940,A
12111,38940,A
39145,39020,B
42107,39060,B
04025,39140,A
49007,39220,B
41013,39260,B
25005,39300,A
44001,39300,A
44003,39300,A
44005,39300,A
44007,39300,A
44009,39300,A
49023,39340,A
49049,39340,A
08101,39380,A
53075,39420,B
12015,39460,A
17001,39500,B
29111,39500,B
55101,39540,A
37069,39580,A
37101,39580,A
37183,39580,A
46033,39660,A
46093,39660,A
46103,39660,A
48489,39700,B
42011,39740,A
06103,39780,B
06089,39820,A
27049,39860,B
32029,39900,A
32031,39900,A
16043,39940,B
16065,39940,B
18177,39980,B
51007,40060,A
51033,40060,A
51036,40060,A
51041,40060,A
51053,40060,A
51075,40060,A
51085,40060,A
51087,40060,A
51101,40060,A
51127,40060,A
51145,40060,A
51149,40060,A
51183,40060,A
51570,40060,A
51670,40060,A
51730,40060,A
51760,40060,A
21151,40080,B
21203,40080,B
48427,40100,B
06065,40140,A
06071,40140,A
56013,40180,B
51023,40220,A
51045,40220,A
51067,40220,A
51161,40220,A
51770,40220,A
51775,40220,A
37083,40260,B
37131,40260,B
17141,40300,B
27039,40340,A
27045,40340,A
27109,40340,A
27157,40340,A
36051,40380,A
36055,40380,A
36069,40380,A
36073,40380,A
36117,40380,A
36123,40380,A
17007,40420,A
17201,40420,A
37153,40460,B
56037,40540,B
37065,40580,A
37127,40580,A
29161,40620,B
13115,40660,A
41019,40700,B
35005,40740,B
05115,40780,B
05149,40780,B
22061,40820,B
50021,40860,B
06017,40900,A
06061,40900,A
06067,40900,A
06113,40900,A
04009,40940,B
26145,40980,A
27009,41060,A
27145,41060,A
49053,41100,A
20043,41140,A
29003,41140,A
29021,41140,A
29063,41140,A
17005,41180,A
17013,41180,A
17027,41180,A
17083,41180,A
17117,41180,A
17119,41180,A
17133,41180,A
17163,41180,A
29071,41180,A
29099,41180,A
29113,41180,A
29183,41180,A
29189,41180,A
29219,41180,A
29510,41180,A
13039,41220,B
39029,41400,B
41047,41420,A
41053,41420,A
20143,41460,B
20169,41460,B
06053,41500,A
10005,41540,A
24039,41540,A
24045,41540,A
24047,41540,A
49035,41620,A
49045,41620,A
48235,41660,A
48451,41660,A
48013,41700,A
48019,41700,A
48029,41700,A
48091,41700,A
48187,41700,A
48259,41700,A
48325,41700,A
48493,41700,A
06073,41740,A
16017,41760,B
39043,41780,B
37105,41820,B
06001,41860,A
06013,41860,A
06075,41860,A
06081,41860,A
06041,41860,A
72023,41900,A
72079,41900,A
72121,41900,A
72125,41900,A
06069,41940,A
06085,41940,A
72007,41980,A
72009,41980,A
72017,41980,A
72019,41980,A
72021,41980,A
72025,41980,A
72029,41980,A
72031,41980,A
72033,41980,A
72035,41980,A
72037,41980,A
72039,41980,A
72041,41980,A
72045,41980,A
72047,41980,A
72051,41980,A
72053,41980,A
72054,41980,A
72061,41980,A
72063,41980,A
72069,41980,A
72077,41980,A
72085,41980,A
72087,41980,A
72089,41980,A
72091,41980,A
72095,41980,A
72101,41980,A
72103,41980,A
72105,41980,A
72107,41980,A
72119,41980,A
72127,41980,A
72129,41980,A
72135,41980,A
72137,41980,A
72139,41980,A
72143,41980,A
72145,41980,A
72151,41980,A
06079,42020,A
06087,42100,A
35049,42140,A
72133,42180,B
06083,42200,A
06097,42220,A
26033,42300,B
13029,42340,A
13051,42340,A
13103,42340,A
42015,42380,B
31007,42420,B
31157,42420,B
31165,42420,B
01071,42460,B
42069,42540,A
42079,42540,A
42131,42540,A
05145,42620,B
53033,42660,A
53061,42660,A
53053,42660,A
12061,42680,A
12055,42700,A
29159,42740,B
42109,42780,B
01047,42820,B
45073,42860,B
36099,42900,B
47155,42940,B
18071,42980,B
55078,43020,B
55115,43020,B
40125,43060,B
55117,43100,A
37045,43140,B
47003,43180,B
53045,43220,B
56033,43260,B
48181,43300,A
04017,43320,B
22015,43340,A
22017,43340,A
22031,43340,A
22119,43340,A
39149,43380,B
04003,43420,A
29201,43460,B
35017,43500,B
19149,43580,A
19193,43580,A
31043,43580,A
31051,43580,A
46127,43580,A
46083,43620,A
46087,43620,A
46099,43620,A
46125,43620,A
48415,43660,B
21199,43700,B
42111,43740,B
06109,43760,B
18141,43780,A
26027,43780,A
45083,43900,A
45087,43900,A
46081,43940,B
19041,43980,B
19059,44020,B
53051,44060,A
53063,44060,A
53065,44060,A
17129,44100,A
17167,44100,A
25013,44140,A
25015,44140,A
29043,44180,A
29059,44180,A
29077,44180,A
29167,44180,A
29225,44180,A
39023,44220,A
28105,44260,B
42027,44300,A
13031,44340,B
51015,44420,A
51790,44420,A
51820,44420,A
08107,44460,B
48143,44500,B
08075,44540,B
17195,44580,B
55097,44620,B
40119,44660,B
06077,44700,A
19021,44740,B
26149,44780,B
48223,44860,B
13055,44900,B
49043,44920,B
45085,44940,A
42097,44980,B
06035,45000,B
48353,45020,B
36053,45060,A
36067,45060,A
36075,45060,A
40021,45140,B
01037,45180,B
01121,45180,B
12039,45220,A
12065,45220,A
12073,45220,A
12129,45220,A
12053,45300,A
12057,45300,A
12101,45300,A
12103,45300,A
35055,45340,B
17021,45380,B
18021,45460,A
18153,45460,A
18165,45460,A
18167,45460,A
05081,45500,A
05091,45500,A
48037,45500,A
41065,45520,B
12119,45540,A
13293,45580,B
13275,45620,B
39147,45660,B
13277,45700,B
13257,45740,B
39051,45780,A
39095,45780,A
39173,45780,A
20085,45820,A
20087,45820,A
20139,45820,A
20177,45820,A
20197,45820,A
09005,45860,B
26019,45900,B
26055,45900,B
26079,45900,B
26089,45900,B
34021,45940,A
01109,45980,B
06057,46020,B
04019,46060,A
47031,46100,B
47051,46100,B
47127,46100,B
40037,46140,A
40111,46140,A
40113,46140,A
40117,46140,A
40131,46140,A
40143,46140,A
40145,46140,A
28057,46180,B
28081,46180,B
28115,46180,B
01065,46220,A
01107,46220,A
01125,46220,A
16053,46300,B
16083,46300,B
48423,46340,A
06045,46380,B
21075,46460,B
47131,46460,B
39021,46500,B
15003,46520,A
36043,46540,A
36065,46540,A
48463,46620,B
13027,46660,A
13101,46660,A
13173,46660,A
13185,46660,A
06095,46700,A
01017,46740,B
39161,46780,B
46027,46820,B
49047,46860,B
48487,46900,B
28021,46980,B
28149,46980,B
48175,47020,A
48469,47020,A
13209,47080,B
13279,47080,B
18083,47180,B
34011,47220,A
25007,47240,B
37053,47260,A
37073,47260,A
51073,47260,A
51093,47260,A
51095,47260,A
51115,47260,A
51199,47260,A
51550,47260,A
51650,47260,A
51700,47260,A
51710,47260,A
51735,47260,A
51740,47260,A
51800,47260,A
51810,47260,A
51830,47260,A
06107,47300,A
18169,47340,B
48145,47380,A
48309,47380,A
27167,47420,B
38077,47420,B
53013,47460,A
53071,47460,A
39011,47540,B
13153,47580,A
13225,47580,A
13235,47580,A
42123,47620,B
29101,47660,B
18085,47700,B
18027,47780,B
37013,47820,B
24021,47900,A
24031,47900,A
11001,47900,A
24009,47900,A
24017,47900,A
24033,47900,A
51013,47900,A
51043,47900,A
51047,47900,A
51059,47900,A
51061,47900,A
51107,47900,A
51153,47900,A
51157,47900,A
51177,47900,A
51179,47900,A
51187,47900,A
51510,47900,A
51600,47900,A
51610,47900,A
51630,47900,A
51683,47900,A
51685,47900,A
54037,47900,A
39047,47920,B
19013,47940,A
19017,47940,A
19075,47940,A
46029,47980,B
55055,48020,B
36045,48060,A
12049,48100,B
55073,48140,A
13229,48180,B
13299,48180,B
40039,48220,B
39081,48260,A
54009,48260,A
54029,48260,A
53007,48300,A
53017,48300,A
29091,48460,B
39013,48540,A
54051,48540,A
54069,48540,A
55127,48580,B
20015,48620,A
20079,48620,A
20095,48620,A
20173,48620,A
20191,48620,A
48009,48660,A
48077,48660,A
48485,48660,A
42081,48700,A
38105,48780,B
27067,48820,B
37129,48900,A
37141,48900,A
39027,48940,B
37195,48980,B
51069,49020,A
51840,49020,A
54027,49020,A
32013,49080,B
27169,49100,B
37057,49180,A
37059,49180,A
37067,49180,A
37169,49180,A
37197,49180,A
55141,49220,B
40153,49260,B
39169,49300,B
09015,49340,A
25027,49340,A
27105,49380,B
53077,49420,A
46135,49460,B
42133,49620,A
39099,49660,A
39155,49660,A
42085,49660,A
06101,49700,A
06115,49700,A
04027,49740,A
39119,49780,B
48505,49820,B